{
	"format_version": "1.8.0",
	"animations": {
		"idle": {
			"loop": true,
			"animation_length": 1
		},
		"animation": {
			"animation_length": 1.92,
			"bones": {
				"group8": {
					"rotation": {
						"0.0": {
							"vector": [0, 0, 0]
						},
						"1.48": {
							"vector": [0, 0, 0]
						}
					}
				},
				"group19": {
					"position": {
						"0.0": {
							"vector": [0, -9, 0]
						},
						"0.12": {
							"pre": {
								"vector": [0, -3.04, 0]
							},
							"post": {
								"vector": [0, -3.04, 0]
							},
							"lerp_mode": "catmullrom"
						},
						"0.24": {
							"post": {
								"vector": [0, 0, 0]
							},
							"lerp_mode": "catmullrom"
						}
					}
				},
				"group20": {
					"position": {
						"0.0": {
							"vector": [0, -9, 0]
						},
						"0.24": {
							"vector": [0, -9, 0]
						},
						"0.36": {
							"pre": {
								"vector": [0, -4.5, 0]
							},
							"post": {
								"vector": [0, -4.5, 0]
							},
							"lerp_mode": "catmullrom"
						},
						"0.48": {
							"post": {
								"vector": [0, 0, 0]
							},
							"lerp_mode": "catmullrom"
						}
					}
				},
				"group12": {
					"rotation": {
						"0.0": {
							"vector": [0, 0, 90]
						},
						"0.04": [0, 0, 90.00044],
						"0.56": [0, 0, 90.00615],
						"0.72": {
							"vector": [0, 0, 90]
						},
						"0.76": [0, 0, 88.74495],
						"0.8": [0, 0, 84.02476],
						"0.84": [0, 0, 72.94745],
						"0.88": [0, 0, 46.3004],
						"0.92": [0, 0, 7.64801],
						"0.96": {
							"vector": [0, 0, 0]
						}
					}
				},
				"group14": {
					"position": {
						"0.0": {
							"vector": [0, -1, 16]
						},
						"0.96": {
							"vector": [0, -1, 16]
						},
						"1.0": [0, -1, 14.84607],
						"1.04": [0, -1, 10.00605],
						"1.08": [0, -1, 4.44381],
						"1.12": [0, -1, 1.57182],
						"1.16": [0, -1, 0.32845],
						"1.2": {
							"vector": [0, -1, 0]
						},
						"1.24": [0, -0.93101, 0],
						"1.28": [0, -0.6584, 0],
						"1.32": [0, -0.31213, 0],
						"1.36": [0, -0.11238, 0],
						"1.4": [0, -0.02359, 0],
						"1.44": {
							"vector": [0, 0, 0]
						}
					}
				},
				"group13": {
					"position": {
						"0.0": {
							"vector": [0, -1, -16]
						},
						"0.96": {
							"vector": [0, -1, -16]
						},
						"1.0": [0, -1, -14.84607],
						"1.04": [0, -1, -10.00605],
						"1.08": [0, -1, -4.44381],
						"1.12": [0, -1, -1.57182],
						"1.16": [0, -1, -0.32845],
						"1.2": {
							"vector": [0, -1, 0]
						},
						"1.24": [0, -0.93101, 0],
						"1.28": [0, -0.6584, 0],
						"1.32": [0, -0.31213, 0],
						"1.36": [0, -0.11238, 0],
						"1.4": [0, -0.02359, 0],
						"1.44": {
							"vector": [0, 0, 0]
						}
					}
				},
				"group15": {
					"rotation": {
						"0.0": {
							"vector": [0, 0, -90]
						},
						"0.04": [0, 0, -89.99956],
						"0.56": [0, 0, -89.99385],
						"0.72": {
							"vector": [0, 0, -90]
						},
						"0.76": [0, 0, -88.75053],
						"0.8": [0, 0, -84.03508],
						"0.84": [0, 0, -72.96085],
						"0.88": [0, 0, -46.31217],
						"0.92": [0, 0, -7.65045],
						"0.96": {
							"vector": [0, 0, 0]
						}
					}
				},
				"group16": {
					"position": {
						"0.0": {
							"vector": [0, -1, -16]
						},
						"0.96": {
							"vector": [0, -1, -16]
						},
						"1.0": [0, -1, -14.84607],
						"1.04": [0, -1, -10.00605],
						"1.08": [0, -1, -4.44381],
						"1.12": [0, -1, -1.57182],
						"1.16": [0, -1, -0.32845],
						"1.2": {
							"vector": [0, -1, 0]
						},
						"1.24": [0, -0.93101, 0],
						"1.28": [0, -0.6584, 0],
						"1.32": [0, -0.31213, 0],
						"1.36": [0, -0.11238, 0],
						"1.4": [0, -0.02359, 0],
						"1.44": {
							"vector": [0, 0, 0]
						}
					}
				},
				"group17": {
					"position": {
						"0.0": {
							"vector": [0, -1, 16]
						},
						"0.96": {
							"vector": [0, -1, 16]
						},
						"1.0": [0, -1, 14.84607],
						"1.04": [0, -1, 10.00605],
						"1.08": [0, -1, 4.44381],
						"1.12": [0, -1, 1.57182],
						"1.16": [0, -1, 0.32845],
						"1.2": {
							"vector": [0, -1, 0]
						},
						"1.24": [0, -0.93101, 0],
						"1.28": [0, -0.6584, 0],
						"1.32": [0, -0.31213, 0],
						"1.36": [0, -0.11238, 0],
						"1.4": [0, -0.02359, 0],
						"1.44": {
							"vector": [0, 0, 0]
						}
					}
				}
			}
		}
	}
}