{
	"format_version": "1.8.0",
	"animations": {
		"idle": {
			"loop": true,
			"animation_length": 1
		},
		"animation": {
			"animation_length": 2.12,
			"bones": {
				"group12": {
					"position": {
						"0.0": {
							"vector": [0, -8, 0]
						},
						"0.16": {
							"vector": [0, 0, 0]
						}
					}
				},
				"group7": {
					"position": {
						"0.16": {
							"vector": [0, -8, 0]
						},
						"0.36": {
							"vector": [0, 0, 0]
						}
					}
				},
				"group8": {
					"position": {
						"0.92": {
							"vector": [0, -1, -16]
						},
						"0.96": [0, -1, -15.36337],
						"1.0": [0, -1, -13.95134],
						"1.04": [0, -1, -12.14143],
						"1.08": [0, -1, -10.11817],
						"1.16": [0, -1, -5.88183],
						"1.2": [0, -1, -3.85857],
						"1.24": [0, -1, -2.04866],
						"1.28": [0, -1, -0.63663],
						"1.32": {
							"vector": [0, -1, 0]
						},
						"1.36": [0, -0.94901, 0],
						"1.4": [0, -0.80946, 0],
						"1.44": [0, -0.61021, 0],
						"1.48": [0, -0.38979, 0],
						"1.52": [0, -0.19054, 0],
						"1.56": [0, -0.05099, 0],
						"1.6": {
							"vector": [0, 0, 0]
						}
					}
				},
				"group9": {
					"position": {
						"0.92": {
							"vector": [0, -1, 16]
						},
						"0.96": [0, -1, 15.36337],
						"1.0": [0, -1, 13.95134],
						"1.04": [0, -1, 12.14143],
						"1.08": [0, -1, 10.11817],
						"1.16": [0, -1, 5.88183],
						"1.2": [0, -1, 3.85857],
						"1.24": [0, -1, 2.04866],
						"1.28": [0, -1, 0.63663],
						"1.32": {
							"vector": [0, -1, 0]
						},
						"1.36": [0, -0.94901, 0],
						"1.4": [0, -0.80946, 0],
						"1.44": [0, -0.61021, 0],
						"1.48": [0, -0.38979, 0],
						"1.52": [0, -0.19054, 0],
						"1.56": [0, -0.05099, 0],
						"1.6": {
							"vector": [0, 0, 0]
						}
					}
				},
				"group10": {
					"position": {
						"0.92": {
							"vector": [0, -1, 16]
						},
						"0.96": [0, -1, 15.36337],
						"1.0": [0, -1, 13.95134],
						"1.04": [0, -1, 12.14143],
						"1.08": [0, -1, 10.11817],
						"1.16": [0, -1, 5.88183],
						"1.2": [0, -1, 3.85857],
						"1.24": [0, -1, 2.04866],
						"1.28": [0, -1, 0.63663],
						"1.32": {
							"vector": [0, -1, 0]
						},
						"1.36": [0, -0.94901, 0],
						"1.4": [0, -0.80946, 0],
						"1.44": [0, -0.61021, 0],
						"1.48": [0, -0.38979, 0],
						"1.52": [0, -0.19054, 0],
						"1.56": [0, -0.05099, 0],
						"1.6": {
							"vector": [0, 0, 0]
						}
					}
				},
				"group11": {
					"position": {
						"0.92": {
							"vector": [0, -1, -16]
						},
						"0.96": [0, -1, -15.36337],
						"1.0": [0, -1, -13.95134],
						"1.04": [0, -1, -12.14143],
						"1.08": [0, -1, -10.11817],
						"1.16": [0, -1, -5.88183],
						"1.2": [0, -1, -3.85857],
						"1.24": [0, -1, -2.04866],
						"1.28": [0, -1, -0.63663],
						"1.32": {
							"vector": [0, -1, 0]
						},
						"1.36": [0, -0.94901, 0],
						"1.4": [0, -0.80946, 0],
						"1.44": [0, -0.61021, 0],
						"1.48": [0, -0.38979, 0],
						"1.52": [0, -0.19054, 0],
						"1.56": [0, -0.05099, 0],
						"1.6": {
							"vector": [0, 0, 0]
						}
					}
				},
				"group14": {
					"rotation": {
						"0.44": {
							"vector": [0, 0, 85]
						},
						"0.64": {
							"pre": {
								"vector": [0, 0, 19.32]
							},
							"post": {
								"vector": [0, 0, 19.32]
							},
							"lerp_mode": "catmullrom"
						},
						"0.76": {
							"post": {
								"vector": [0, 0, 0]
							},
							"lerp_mode": "catmullrom"
						}
					}
				},
				"group15": {
					"rotation": {
						"0.44": {
							"vector": [0, 0, -85]
						},
						"0.64": {
							"pre": {
								"vector": [0, 0, -19.32]
							},
							"post": {
								"vector": [0, 0, -19.32]
							},
							"lerp_mode": "catmullrom"
						},
						"0.76": {
							"post": {
								"vector": [0, 0, 0]
							},
							"lerp_mode": "catmullrom"
						}
					}
				}
			}
		}
	}
}