{
	"format_version": "1.8.0",
	"animations": {
		"animation": {
			"loop": true,
			"animation_length": 1,
			"bones": {
				"bone": {
					"rotation": {
						"0.0": {
							"vector": [0, 0, 0]
						},
						"1.0": {
							"vector": [0, -360, 0]
						}
					}
				}
			}
		},
		"animation2": {
			"animation_length": 1,
			"bones": {
				"bone": {
					"rotation": {
						"0.0": {
							"vector": [0, 0, 0]
						},
						"0.0417": [0, -0.2181, 0],
						"0.0833": [0, -0.88602, 0],
						"0.125": [0, -2.02384, 0],
						"0.1667": [0, -3.65205, 0],
						"0.2083": [0, -5.80442, 0],
						"0.25": [0, -8.50099, 0],
						"0.2917": [0, -11.77541, 0],
						"0.3333": [0, -15.66181, 0],
						"0.375": [0, -20.19462, 0],
						"0.4167": [0, -25.41434, 0],
						"0.4583": [0, -31.36435, 0],
						"0.5": [0, -38.09527, 0],
						"0.5417": [0, -45.65608, 0],
						"0.5833": [0, -54.10662, 0],
						"0.625": [0, -63.50553, 0],
						"0.6667": [0, -73.91793, 0],
						"0.7083": [0, -85.40765, 0],
						"0.75": [0, -98.02175, 0],
						"0.7917": [0, -111.78824, 0],
						"0.8333": [0, -126.65477, 0],
						"0.875": [0, -142.39929, 0],
						"0.9167": [0, -158.35897, 0],
						"0.9583": [0, -172.68398, 0],
						"1.0": {
							"vector": [0, -180, 0]
						}
					}
				}
			}
		},
		"animation3": {
			"animation_length": 1,
			"bones": {
				"bone": {
					"rotation": {
						"0.0": {
							"vector": [0, 0, 0]
						},
						"0.0417": [0, -9.29943, 0],
						"0.0833": [0, -28.92979, 0],
						"0.125": [0, -49.37331, 0],
						"0.1667": [0, -67.75507, 0],
						"0.2083": [0, -83.77053, 0],
						"0.25": [0, -97.66453, 0],
						"0.2917": [0, -109.74487, 0],
						"0.3333": [0, -120.2824, 0],
						"0.375": [0, -129.49694, 0],
						"0.4167": [0, -137.56757, 0],
						"0.4583": [0, -144.63568, 0],
						"0.5": [0, -150.82132, 0],
						"0.5417": [0, -156.21534, 0],
						"0.5833": [0, -160.90457, 0],
						"0.625": [0, -164.9541, 0],
						"0.6667": [0, -168.42382, 0],
						"0.7083": [0, -171.35642, 0],
						"0.75": [0, -173.80223, 0],
						"0.7917": [0, -175.7953, 0],
						"0.8333": [0, -177.36766, 0],
						"0.875": [0, -178.54948, 0],
						"0.9167": [0, -179.36913, 0],
						"0.9583": [0, -179.84251, 0],
						"1.0": {
							"vector": [0, -180, 0]
						}
					}
				}
			}
		}
	}
}